L_shoulder_x,L_shoulder_y,L_shoulder_z,L_shoulder_visibility,R_shoulder_x,R_shoulder_y,R_shoulder_z,R_shoulder_visibility,L_elbow_x,L_elbow_y,L_elbow_z,L_elbow_visibility,R_elbow_x,R_elbow_y,R_elbow_z,R_elbow_visibility,L_wrist_x,L_wrist_y,L_wrist_z,L_wrist_visibility,R_wrist_x,R_wrist_y,R_wrist_z,R_wrist_visibility,L_hip_x,L_hip_y,L_hip_z,L_hip_visibility,R_hip_x,R_hip_y,R_hip_z,R_hip_visibility,L_knee_x,L_knee_y,L_knee_z,L_knee_visibility,R_knee_x,R_knee_y,R_knee_z,R_knee_visibility,L_ankle_x,L_ankle_y,L_ankle_z,L_ankle_visibility,R_ankle_x,R_ankle_y,R_ankle_z,R_ankle_visibility,L_heel_x,L_heel_y,L_heel_z,L_heel_visibility,R_heel_x,R_heel_y,R_heel_z,R_heel_visibility,L_foot_x,L_foot_y,L_foot_z,L_foot_visibility,R_foot_x,R_foot_y,R_foot_z,R_foot_visibility,activity,video_file,frame_number
0.0,0.0,0.0,0.0,0.0,0.0,0.0,0.0,0.0,0.0,0.0,0.0,0.0,0.0,0.0,0.0,0.0,0.0,0.0,0.0,0.0,0.0,0.0,0.0,0.0,0.0,0.0,0.0,0.0,0.0,0.0,0.0,0.0,0.0,0.0,0.0,0.0,0.0,0.0,0.0,0.0,0.0,0.0,0.0,0.0,0.0,0.0,0.0,0.0,0.0,0.0,0.0,0.0,0.0,0.0,0.0,0.0,0.0,0.0,0.0,0.0,0.0,0.0,0.0,sentarse,sentarse_008.mp4,0
0.5280224680900574,0.35343271493911743,-0.1411592662334442,0.9999932646751404,0.4160585105419159,0.3509663939476013,-0.27248215675354004,0.9999856948852539,0.538996696472168,0.4071515202522278,-0.039007533341646194,0.9875248074531555,0.4012729525566101,0.40921586751937866,-0.23873044550418854,0.989761471748352,0.5512015223503113,0.4528103470802307,-0.16449517011642456,0.9789506793022156,0.4150697588920593,0.4581093192100525,-0.3317798972129822,0.9831871390342712,0.5021002292633057,0.45011407136917114,0.0442684143781662,0.9998920559883118,0.43877196311950684,0.4506200850009918,-0.04442844167351723,0.9998529553413391,0.4860430061817169,0.529024064540863,0.025766627863049507,0.993770182132721,0.43308737874031067,0.5276113152503967,-0.04822254553437233,0.992626965045929,0.45976370573043823,0.5927551984786987,0.26902928948402405,0.9903337359428406,0.41778790950775146,0.5891980528831482,0.21879367530345917,0.9891297817230225,0.4456952214241028,0.6002719402313232,0.28424328565597534,0.945158064365387,0.4149114191532135,0.5951120853424072,0.23648273944854736,0.926487386226654,0.4794994294643402,0.6125092506408691,0.13980822265148163,0.9847384095191956,0.41796353459358215,0.6128787994384766,0.07547497004270554,0.9818803071975708,sentarse,sentarse_008.mp4,1
0.526844322681427,0.35359442234039307,-0.0888151079416275,0.9999908208847046,0.41522184014320374,0.3509773015975952,-0.23751497268676758,0.9999846816062927,0.5384362936019897,0.4075095057487488,0.009841120801866055,0.9843499660491943,0.3998410999774933,0.40957027673721313,-0.20999275147914886,0.9903189539909363,0.5506568551063538,0.45383238792419434,-0.11120187491178513,0.9785082936286926,0.41396164894104004,0.4587783217430115,-0.29807037115097046,0.9834133386611938,0.5011352896690369,0.4505561888217926,0.053517550230026245,0.9998818635940552,0.43865683674812317,0.4507913291454315,-0.05367203429341316,0.9998412728309631,0.4858407974243164,0.5287862420082092,0.03987729921936989,0.9871203899383545,0.43329307436943054,0.5270886421203613,-0.061430733650922775,0.9910647869110107,0.459861159324646,0.5920094847679138,0.257872611284256,0.9874017238616943,0.41848674416542053,0.5891984701156616,0.1551639288663864,0.9880401492118835,0.44577470421791077,0.6002057790756226,0.2700820565223694,0.9426972270011902,0.415907084941864,0.5957487225532532,0.1678798645734787,0.9121303558349609,0.4840739369392395,0.6124992370605469,0.13886985182762146,0.9829017519950867,0.42482343316078186,0.6109919548034668,0.013788904994726181,0.9808826446533203,sentarse,sentarse_008.mp4,2
0.525162935256958,0.3539294898509979,-0.06701626628637314,0.9999893307685852,0.41213569045066833,0.35149475932121277,-0.19375570118427277,0.9999834299087524,0.5380811095237732,0.40769362449645996,0.02372783049941063,0.982836902141571,0.3980175256729126,0.4102904796600342,-0.16512015461921692,0.9906158447265625,0.5494853258132935,0.4549887776374817,-0.09954707324504852,0.9788489937782288,0.4106593430042267,0.45974189043045044,-0.2588065266609192,0.9832383990287781,0.49923989176750183,0.45122867822647095,0.052596643567085266,0.999876081943512,0.43696674704551697,0.45126885175704956,-0.05274306982755661,0.9998326301574707,0.48507294058799744,0.528481125831604,0.03051445260643959,0.981924831867218,0.43218064308166504,0.5269033908843994,-0.06611470133066177,0.9894732236862183,0.45982256531715393,0.5914536714553833,0.23766067624092102,0.9846901297569275,0.4185386598110199,0.5891901254653931,0.14841529726982117,0.9867650866508484,0.4457941949367523,0.6000421643257141,0.249867781996727,0.9402194023132324,0.41611963510513306,0.5961284637451172,0.16104502975940704,0.8975323438644409,0.48466983437538147,0.6123282313346863,0.12328428775072098,0.9810760021209717,0.4267285168170929,0.6094550490379333,0.00942958053201437,0.9796479940414429,sentarse,sentarse_008.mp4,3
0.522843599319458,0.35457634925842285,-0.06722637265920639,0.9999886751174927,0.40773192048072815,0.3534768521785736,-0.17851360142230988,0.9999823570251465,0.537470281124115,0.4085104465484619,0.020016394555568695,0.9826880097389221,0.3958379030227661,0.4120897948741913,-0.14552012085914612,0.9908626079559326,0.5466151237487793,0.45657408237457275,-0.1050291657447815,0.9797501564025879,0.40456876158714294,0.46055084466934204,-0.24156267940998077,0.9831926226615906,0.49644067883491516,0.4521706998348236,0.05248796194791794,0.9998719692230225,0.4345325827598572,0.45200780034065247,-0.05264570936560631,0.9998254179954529,0.4836183190345764,0.5284475684165955,0.028067881241440773,0.9771360754966736,0.4306509494781494,0.5269051194190979,-0.06350794434547424,0.9877340793609619,0.45965003967285156,0.5912307500839233,0.23331156373023987,0.9821217060089111,0.418531596660614,0.5893945693969727,0.1501348465681076,0.9854376912117004,0.44578996300697327,0.5999537706375122,0.24547018110752106,0.9371590614318848,0.41611918807029724,0.5967203378677368,0.16229860484600067,0.8832150101661682,0.4845055937767029,0.6122399568557739,0.11658920347690582,0.9794055223464966,0.42865291237831116,0.6095988154411316,0.009969177655875683,0.9784005880355835,sentarse,sentarse_008.mp4,4
0.5209294557571411,0.35547003149986267,-0.06948290765285492,0.9999878406524658,0.4049544632434845,0.3543173372745514,-0.1722681075334549,0.9999808669090271,0.5358035564422607,0.40958547592163086,0.01290053129196167,0.9824637174606323,0.39291298389434814,0.41296300292015076,-0.14190423488616943,0.9910498261451721,0.5418036580085754,0.4581575393676758,-0.11332979053258896,0.9804579615592957,0.40003702044487,0.46139270067214966,-0.24225282669067383,0.9830101728439331,0.4941055178642273,0.45290452241897583,0.050428878515958786,0.9998676180839539,0.4315534234046936,0.45255646109580994,-0.050564512610435486,0.999817967414856,0.4826488792896271,0.5284485220909119,0.019312076270580292,0.973168671131134,0.4289324879646301,0.5271188616752625,-0.06227503716945648,0.9861706495285034,0.45956069231033325,0.5911760926246643,0.2329341471195221,0.9795544147491455,0.4185345470905304,0.5896652936935425,0.15327492356300354,0.9840692281723022,0.44579288363456726,0.5999335646629333,0.2458355873823166,0.9332810640335083,0.4162209928035736,0.597148060798645,0.1658005565404892,0.8688858151435852,0.484331876039505,0.6122391819953918,0.11502371728420258,0.9775535464286804,0.42889609932899475,0.6097383499145508,0.013158136047422886,0.97703617811203,sentarse,sentarse_008.mp4,5
0.519101619720459,0.3559960126876831,-0.06816614419221878,0.999987006187439,0.4021545946598053,0.35487449169158936,-0.16432476043701172,0.9999792575836182,0.5339614748954773,0.410500168800354,0.007423077709972858,0.9822182059288025,0.3896681070327759,0.4131191074848175,-0.13654068112373352,0.9910563826560974,0.5373556017875671,0.4590355455875397,-0.11988741904497147,0.9809765219688416,0.39632052183151245,0.461834579706192,-0.24016545712947845,0.9822657704353333,0.4912063181400299,0.45351359248161316,0.04984951764345169,0.9998618364334106,0.4275461435317993,0.4531151354312897,-0.049970339983701706,0.9998083114624023,0.48222804069519043,0.528449296951294,0.016972588375210762,0.96901535987854,0.4262281358242035,0.5273347496986389,-0.06164335459470749,0.9848768711090088,0.4595073461532593,0.5911375284194946,0.23012100160121918,0.976806104183197,0.41838735342025757,0.5901983380317688,0.14954577386379242,0.9826962351799011,0.44570085406303406,0.5999332070350647,0.24293246865272522,0.9295425415039062,0.416209876537323,0.5983603000640869,0.16169756650924683,0.855915904045105,0.4846218526363373,0.6122585535049438,0.11364693939685822,0.9755107760429382,0.43036088347435,0.6098418235778809,0.010476607829332352,0.9754593968391418,sentarse,sentarse_008.mp4,6
0.5178911089897156,0.35633817315101624,-0.0765857920050621,0.9999856352806091,0.39988189935684204,0.35549497604370117,-0.16428892314434052,0.999977171421051,0.5320310592651367,0.41107282042503357,0.0009257518104277551,0.9819201827049255,0.38696709275245667,0.41379019618034363,-0.1367349624633789,0.9908880591392517,0.5328451991081238,0.459373414516449,-0.12676987051963806,0.9812738299369812,0.3945481777191162,0.46224790811538696,-0.23750154674053192,0.9809227585792542,0.48929619789123535,0.45410096645355225,0.04659407585859299,0.9998535513877869,0.4250054955482483,0.4535483121871948,-0.046704549342393875,0.9997970461845398,0.48153793811798096,0.5283284187316895,0.014090199023485184,0.9650236964225769,0.42381569743156433,0.5273355841636658,-0.06144549697637558,0.9835466146469116,0.45931771397590637,0.5910235047340393,0.2210777848958969,0.9741459488868713,0.4179387390613556,0.5901994109153748,0.14865711331367493,0.9811343550682068,0.44570696353912354,0.59995037317276,0.2333582192659378,0.926381528377533,0.4162099063396454,0.5987606644630432,0.16060888767242432,0.8437307476997375,0.4845593571662903,0.6120712161064148,0.10800129175186157,0.9733330607414246,0.42971205711364746,0.6095991730690002,0.01310731004923582,0.9734675288200378,sentarse,sentarse_008.mp4,7
0.5172837972640991,0.3564453125,-0.08144665509462357,0.9999848008155823,0.3989696502685547,0.35580962896347046,-0.15767058730125427,0.9999753832817078,0.529914379119873,0.4112016260623932,-0.016048287972807884,0.9818340539932251,0.3841693699359894,0.4137120842933655,-0.12820753455162048,0.9907376766204834,0.5272900462150574,0.45917588472366333,-0.14829927682876587,0.9817105531692505,0.39273858070373535,0.46230754256248474,-0.22719523310661316,0.9796693921089172,0.4877774715423584,0.45421335101127625,0.043195076286792755,0.9998499155044556,0.4233162999153137,0.4535970687866211,-0.04331892356276512,0.999793291091919,0.48039963841438293,0.5283326506614685,0.011741884984076023,0.9639004468917847,0.42204657196998596,0.5273321866989136,-0.05969557538628578,0.9834077954292297,0.45977550745010376,0.5911476612091064,0.21520274877548218,0.9737688899040222,0.4168030023574829,0.5905358195304871,0.1489853411912918,0.9809653759002686,0.4466811418533325,0.6002281308174133,0.22691549360752106,0.9258418083190918,0.4159557819366455,0.5990304350852966,0.16075120866298676,0.8374841213226318,0.4844851493835449,0.6124962568283081,0.09790809452533722,0.972966194152832,0.4288457930088043,0.610322892665863,0.012722312472760677,0.9731183648109436,sentarse,sentarse_008.mp4,8
0.5166657567024231,0.35640114545822144,-0.08748925477266312,0.9999840259552002,0.39789286255836487,0.3559272289276123,-0.14914681017398834,0.9999733567237854,0.5283678770065308,0.41110679507255554,-0.03386463597416878,0.9822860360145569,0.3827509880065918,0.41393306851387024,-0.11604781448841095,0.9905124306678772,0.5234532952308655,0.45900601148605347,-0.16464748978614807,0.9823979139328003,0.39130842685699463,0.4622868299484253,-0.2143709808588028,0.9784212112426758,0.48714977502822876,0.4543065130710602,0.03526977822184563,0.9998430609703064,0.4224373996257782,0.4536656141281128,-0.03540780022740364,0.9997878670692444,0.47893625497817993,0.5283545851707458,0.012469673529267311,0.964454174041748,0.42076507210731506,0.52729332447052,-0.047788579016923904,0.9836293458938599,0.46361401677131653,0.59125816822052,0.21180924773216248,0.9742382764816284,0.4143851101398468,0.5905265808105469,0.1533951461315155,0.9810420870780945,0.4529264271259308,0.6002944707870483,0.22288553416728973,0.9255601167678833,0.41506609320640564,0.5989829897880554,0.16503450274467468,0.8323677778244019,0.48443666100502014,0.6129553318023682,0.08976665139198303,0.9731692671775818,0.4256422817707062,0.6108753085136414,0.015898719429969788,0.9729347229003906,sentarse,sentarse_008.mp4,9
0.5161557793617249,0.3563843071460724,-0.10231943428516388,0.9999831914901733,0.3973020613193512,0.3559740483760834,-0.13426582515239716,0.9999690651893616,0.527199923992157,0.41107383370399475,-0.05153695121407509,0.9826836585998535,0.3820585012435913,0.41384157538414,-0.09558289498090744,0.989936888217926,0.5213912129402161,0.4589037001132965,-0.18359936773777008,0.9827665090560913,0.391484797000885,0.4622284173965454,-0.19909200072288513,0.9767811298370361,0.4875406324863434,0.45424884557724,0.016076378524303436,0.9998310804367065,0.42243531346321106,0.45363450050354004,-0.01619887724518776,0.9997723698616028,0.4775336980819702,0.5283541083335876,-0.004944983869791031,0.9659776091575623,0.4203241765499115,0.5271234512329102,-0.030230119824409485,0.9832562208175659,0.4704401195049286,0.5913716554641724,0.1954168975353241,0.9748746752738953,0.412445992231369,0.5903348922729492,0.1617087572813034,0.9804623126983643,0.4621403217315674,0.6001459360122681,0.20627683401107788,0.9204261898994446,0.4144599139690399,0.5986936092376709,0.17114105820655823,0.8216444253921509,0.48382657766342163,0.6140600442886353,0.062431301921606064,0.9732704758644104,0.4215172231197357,0.6113964915275574,0.021980999037623405,0.972141444683075,sentarse,sentarse_008.mp4,10
0.5159587264060974,0.35637885332107544,-0.11849387735128403,0.9999822974205017,0.39656877517700195,0.3560805320739746,-0.13389596343040466,0.9999647736549377,0.5269191265106201,0.4113278090953827,-0.06425594538450241,0.9830502867698669,0.38195061683654785,0.41422146558761597,-0.09188109636306763,0.9891380667686462,0.5201446413993835,0.4590616226196289,-0.19045652449131012,0.9827847480773926,0.392070472240448,0.4622262418270111,-0.19793550670146942,0.9747079610824585,0.4873662292957306,0.45435163378715515,0.006755018141120672,0.999822735786438,0.42189157009124756,0.45375457406044006,-0.006875141523778439,0.9997597336769104,0.47638675570487976,0.5283569693565369,-0.010913326404988766,0.9679142832756042,0.41956597566604614,0.5270996689796448,-0.017733775079250336,0.9833382368087769,0.47477954626083374,0.5916404128074646,0.19446440041065216,0.9759606122970581,0.4117909073829651,0.5898404121398926,0.18078678846359253,0.9803300499916077,0.4685187041759491,0.6000836491584778,0.20570054650306702,0.9156268835067749,0.4144647717475891,0.5977727770805359,0.19160403311252594,0.8145025372505188,0.48322775959968567,0.6150738596916199,0.05810314789414406,0.9738641381263733,0.4180316627025604,0.6115919947624207,0.04228030890226364,0.9719638228416443,sentarse,sentarse_008.mp4,11
0.5158336162567139,0.35640770196914673,-0.13439922034740448,0.9999819397926331,0.3960134983062744,0.3563833236694336,-0.14344631135463715,0.999962329864502,0.5270315408706665,0.41159921884536743,-0.07897324115037918,0.9834965467453003,0.38215118646621704,0.4147084355354309,-0.10121763497591019,0.9885994791984558,0.5190038681030273,0.4594196677207947,-0.203944593667984,0.9829172492027283,0.3928356170654297,0.4623759388923645,-0.20757362246513367,0.9732125401496887,0.4873197674751282,0.454576313495636,0.004240195266902447,0.9998194575309753,0.42151954770088196,0.4540037214756012,-0.00435809139162302,0.9997535943984985,0.47612762451171875,0.528503954410553,-0.009474816732108593,0.9699071645736694,0.41908159852027893,0.5270889401435852,-0.009993266314268112,0.9836930632591248,0.47676604986190796,0.5921558141708374,0.20027446746826172,0.9771665334701538,0.4116748571395874,0.5893744826316833,0.1952480524778366,0.980551540851593,0.470895916223526,0.6001301407814026,0.2119673639535904,0.9127291440963745,0.4145124852657318,0.5970031023025513,0.20723111927509308,0.8108949065208435,0.4826982319355011,0.6160306930541992,0.06579441577196121,0.9747056365013123,0.4165354371070862,0.6115925312042236,0.059772294014692307,0.9722505807876587,sentarse,sentarse_008.mp4,12
0.5158692002296448,0.35680091381073,-0.15390777587890625,0.999981701374054,0.3955684006214142,0.35724085569381714,-0.15381625294685364,0.9999615550041199,0.5272987484931946,0.4129713475704193,-0.09360524266958237,0.9839527606964111,0.3824155032634735,0.4156494438648224,-0.10651947557926178,0.988407552242279,0.5181575417518616,0.46020546555519104,-0.21384869515895844,0.9829642176628113,0.39293333888053894,0.46287503838539124,-0.22119773924350739,0.9723846912384033,0.4871836304664612,0.4550071656703949,0.004515421576797962,0.9998184442520142,0.4213767945766449,0.45424336194992065,-0.004643024876713753,0.9997523427009583,0.47603240609169006,0.5287140607833862,-0.005144408438354731,0.9717990159988403,0.41866883635520935,0.5269615650177002,-0.0033302190713584423,0.9841867089271545,0.47683393955230713,0.5924054980278015,0.2046121209859848,0.9783848524093628,0.4116875231266022,0.5890035033226013,0.2065579891204834,0.981000542640686,0.47067657113075256,0.6001306176185608,0.2165120542049408,0.9114024639129639,0.4146668016910553,0.596397876739502,0.21913586556911469,0.809192419052124,0.4821105897426605,0.6164841651916504,0.07443288713693619,0.9756671786308289,0.4157727360725403,0.6116321086883545,0.07147407531738281,0.9728183746337891,sentarse,sentarse_008.mp4,13
0.5159850716590881,0.3577320873737335,-0.16257403790950775,0.9999813437461853,0.39495527744293213,0.3584340512752533,-0.1706286519765854,0.9999607801437378,0.527442455291748,0.4147002398967743,-0.1003427803516388,0.9843531250953674,0.38270771503448486,0.416948527097702,-0.12075935304164886,0.9881168603897095,0.5177933573722839,0.4617308974266052,-0.21847838163375854,0.9826770424842834,0.3943285644054413,0.4638245701789856,-0.2365923523902893,0.9712740778923035,0.48696374893188477,0.4560346305370331,0.004526388365775347,0.9998175501823425,0.42093461751937866,0.4552273750305176,-0.004662556108087301,0.9997503757476807,0.4759424328804016,0.5290060639381409,-0.0003826840838883072,0.9735354781150818,0.41830143332481384,0.5270860195159912,0.002905538072809577,0.984701931476593,0.47717273235321045,0.5925941467285156,0.21826864778995514,0.9794900417327881,0.41178348660469055,0.5888717770576477,0.21909192204475403,0.9814386963844299,0.4712880253791809,0.600119411945343,0.23089323937892914,0.9101654887199402,0.4151017367839813,0.5960177779197693,0.23236744105815887,0.8076457381248474,0.48177269101142883,0.6167839765548706,0.07960512489080429,0.9765689373016357,0.4155988395214081,0.6118600368499756,0.08336874097585678,0.9734125733375549,sentarse,sentarse_008.mp4,14
0.5160712003707886,0.3593091666698456,-0.17000573873519897,0.9999814033508301,0.3942805230617523,0.360161155462265,-0.18282374739646912,0.9999607801437378,0.5274884700775146,0.41642385721206665,-0.10928879678249359,0.9848451614379883,0.3828578591346741,0.41801732778549194,-0.13519234955310822,0.9881258010864258,0.5175343155860901,0.46305692195892334,-0.23218706250190735,0.982695996761322,0.3952427804470062,0.4646949768066406,-0.24874374270439148,0.9709851741790771,0.4870947301387787,0.45682597160339355,0.004876760765910149,0.9998177289962769,0.4210452735424042,0.4562285244464874,-0.005014187190681696,0.9997502565383911,0.47603997588157654,0.5292944312095642,0.009076319634914398,0.9751583933830261,0.4184386730194092,0.527622401714325,0.006931282114237547,0.9851650595664978,0.4778502881526947,0.5928081274032593,0.2277178317308426,0.9805095791816711,0.41186830401420593,0.5885687470436096,0.22614166140556335,0.9817711114883423,0.4722513258457184,0.6001154780387878,0.2402348518371582,0.9088174700737,0.4154604971408844,0.5951196551322937,0.23958493769168854,0.8054473996162415,0.48174211382865906,0.6170777082443237,0.08682025969028473,0.9774060845375061,0.4153221845626831,0.6120483875274658,0.08986937254667282,0.9738882780075073,sentarse,sentarse_008.mp4,15
0.5161170959472656,0.3615129888057709,-0.16509494185447693,0.9999819993972778,0.39404281973838806,0.36292532086372375,-0.18175429105758667,0.9999604225158691,0.5276152491569519,0.41886913776397705,-0.11469198763370514,0.9853431582450867,0.3830045163631439,0.4193930923938751,-0.13538920879364014,0.9880650043487549,0.5170405507087708,0.4654226303100586,-0.24660150706768036,0.9829801321029663,0.396281361579895,0.466429203748703,-0.24966250360012054,0.9703156352043152,0.4871872365474701,0.4585084617137909,0.004979956429451704,0.9998205304145813,0.42121806740760803,0.4577192962169647,-0.005094760097563267,0.9997506737709045,0.4762389063835144,0.5297155976295471,0.009675350971519947,0.97655189037323,0.41858649253845215,0.5279339551925659,0.009683976881206036,0.9854947924613953,0.47801700234413147,0.5929367542266846,0.22899363934993744,0.9812926054000854,0.41192638874053955,0.5882865786552429,0.23192046582698822,0.9818388223648071,0.4720838963985443,0.6001187562942505,0.24173007905483246,0.9075396656990051,0.4154970049858093,0.5946614146232605,0.24570247530937195,0.8019362092018127,0.4817400276660919,0.617114782333374,0.08986213803291321,0.9780014157295227,0.415372371673584,0.6120728850364685,0.0975508987903595,0.9739930629730225,sentarse,sentarse_008.mp4,16
0.5161635875701904,0.3648836016654968,-0.20086997747421265,0.9999828338623047,0.39403802156448364,0.3664994537830353,-0.204579696059227,0.9999613165855408,0.5277411341667175,0.42223936319351196,-0.1482539027929306,0.9861468076705933,0.38337990641593933,0.42179521918296814,-0.15894415974617004,0.9882022738456726,0.5156562328338623,0.4696146249771118,-0.26972219347953796,0.9837152361869812,0.3980727195739746,0.4688777029514313,-0.26940545439720154,0.9700063467025757,0.48726415634155273,0.4599941372871399,0.005356288515031338,0.9998242855072021,0.42134132981300354,0.45886069536209106,-0.005460649728775024,0.9997559785842896,0.47672712802886963,0.5301346778869629,0.022234726697206497,0.9777016043663025,0.418683260679245,0.5280258059501648,0.008231772109866142,0.9858333468437195,0.4780796766281128,0.5929787158966064,0.2419661283493042,0.9819722175598145,0.4119383692741394,0.58812415599823,0.23413164913654327,0.9819996953010559,0.4718305766582489,0.6001372337341309,0.25481510162353516,0.906492292881012,0.41564926505088806,0.5945642590522766,0.24835047125816345,0.7993256449699402,0.481779545545578,0.617038905620575,0.10573533922433853,0.9784594774246216,0.41518768668174744,0.6120031476020813,0.0987454280257225,0.9742088317871094,sentarse,sentarse_008.mp4,17
0.5161058306694031,0.36937764286994934,-0.24340568482875824,0.9999834299087524,0.3937336206436157,0.3718675971031189,-0.24304942786693573,0.9999613761901855,0.5275107622146606,0.4261477589607239,-0.19856961071491241,0.9869256615638733,0.3838403820991516,0.42709094285964966,-0.20139744877815247,0.9883368015289307,0.5146164894104004,0.47339802980422974,-0.3117397725582123,0.9842057228088379,0.4004897177219391,0.4737151861190796,-0.30584266781806946,0.9687020778656006,0.4872835576534271,0.4608428180217743,0.006116035394370556,0.9998290538787842,0.42148345708847046,0.46000367403030396,-0.006216899957507849,0.9997618198394775,0.477841854095459,0.530107855796814,-0.02026214636862278,0.978400468826294,0.41907232999801636,0.5277122259140015,-0.03531317785382271,0.9855763912200928,0.4783649444580078,0.5929763317108154,0.1886141449213028,0.9822545051574707,0.4119819104671478,0.5881228446960449,0.17940707504749298,0.9816421270370483,0.4719621241092682,0.6001392006874084,0.20057308673858643,0.90404212474823,0.4156663119792938,0.5945889353752136,0.19236409664154053,0.7910324335098267,0.48227396607398987,0.6170256733894348,0.047728728502988815,0.9784749150276184,0.4153205454349518,0.6118385791778564,0.03489968180656433,0.9739294648170471,sentarse,sentarse_008.mp4,18
0.516057550907135,0.37470734119415283,-0.2929682433605194,0.9999837279319763,0.3934633433818817,0.3768966495990753,-0.2997472286224365,0.9999614357948303,0.5270506143569946,0.43028920888900757,-0.2526903748512268,0.9877117872238159,0.38397279381752014,0.4315800070762634,-0.2622818946838379,0.9888013005256653,0.5133357644081116,0.4773101508617401,-0.36026671528816223,0.9846435189247131,0.40231117606163025,0.4787062108516693,-0.3642675578594208,0.968367338180542,0.4873257577419281,0.46092137694358826,0.0069092814810574055,0.9998316764831543,0.4218330979347229,0.4602782130241394,-0.007008698768913746,0.9997692108154297,0.4781482219696045,0.5300338864326477,-0.02796882763504982,0.9789717197418213,0.4191489815711975,0.526361882686615,-0.07085344940423965,0.9851784706115723,0.4788266718387604,0.5928900241851807,0.18619336187839508,0.9824519157409668,0.41162917017936707,0.5883038640022278,0.13372761011123657,0.9815438389778137,0.47263336181640625,0.5997389554977417,0.19876748323440552,0.9006455540657043,0.41535359621047974,0.5946174263954163,0.14545342326164246,0.7823874354362488,0.482588529586792,0.616814374923706,0.0456080324947834,0.9784183502197266,0.41539180278778076,0.6120703816413879,-0.01910751685500145,0.9739734530448914,sentarse,sentarse_008.mp4,19
0.5158780217170715,0.3800652325153351,-0.2750551700592041,0.9999839067459106,0.39330995082855225,0.3827587068080902,-0.2842736840248108,0.9999627470970154,0.5264021754264832,0.43408873677253723,-0.23420916497707367,0.9881892204284668,0.3840848505496979,0.43517765402793884,-0.2513815462589264,0.989337146282196,0.5118395686149597,0.4816876947879791,-0.3409169018268585,0.9840710759162903,0.403359591960907,0.48304980993270874,-0.3507406711578369,0.9683912396430969,0.4878036081790924,0.4615373909473419,0.007114994805306196,0.9998344779014587,0.4222632944583893,0.4611048996448517,-0.0072170705534517765,0.9997738003730774,0.47894909977912903,0.5297704339027405,-0.15956908464431763,0.9794300198554993,0.41977444291114807,0.5245575904846191,-0.15190079808235168,0.9845402836799622,0.47889444231987,0.5929829478263855,0.03443477302789688,0.9823213815689087,0.41153761744499207,0.5883068442344666,0.025409305468201637,0.981262743473053,0.47307178378105164,0.5997805595397949,0.04492408409714699,0.8970126509666443,0.41525018215179443,0.5946263074874878,0.03418918326497078,0.7771088480949402,0.4828346073627472,0.6167994141578674,-0.11178203672170639,0.9781321287155151,0.415023535490036,0.6120553016662598,-0.13100162148475647,0.9740071892738342,sentarse,sentarse_008.mp4,20
0.5154422521591187,0.3852923512458801,-0.30387938022613525,0.999984622001648,0.3933246433734894,0.38820505142211914,-0.31510087847709656,0.9999648928642273,0.5260576009750366,0.43932804465293884,-0.2558770477771759,0.9888087511062622,0.38411062955856323,0.4400884807109833,-0.2797234356403351,0.9900017380714417,0.509103000164032,0.4865263104438782,-0.35611605644226074,0.9840730428695679,0.4045673906803131,0.4874236583709717,-0.3796710968017578,0.9696928262710571,0.4879431128501892,0.4626253843307495,0.006677879020571709,0.9998422265052795,0.42229902744293213,0.46226128935813904,-0.0067761060781776905,0.9997824430465698,0.47913506627082825,0.5292221903800964,-0.19537365436553955,0.9796883463859558,0.42107826471328735,0.5233510732650757,-0.175602525472641,0.9835432171821594,0.4788581132888794,0.593063235282898,0.006088261026889086,0.9821833968162537,0.4119688868522644,0.5883740186691284,0.006232228595763445,0.9809457659721375,0.4730849862098694,0.5997645258903503,0.017113758251070976,0.8950009346008301,0.4159846007823944,0.5946518778800964,0.015828123316168785,0.7758041024208069,0.48296061158180237,0.6167901158332825,-0.14176207780838013,0.9778284430503845,0.4150952100753784,0.6119166016578674,-0.15056112408638,0.9740877151489258,sentarse,sentarse_008.mp4,21
0.5146203637123108,0.39001283049583435,-0.346163272857666,0.9999842643737793,0.39307457208633423,0.3937571346759796,-0.36931559443473816,0.9999662041664124,0.5260765552520752,0.4433882534503937,-0.29535573720932007,0.9891417026519775,0.384273499250412,0.44797924160957336,-0.33963093161582947,0.9906608462333679,0.5067307353019714,0.4888427257537842,-0.3872736394405365,0.9832947850227356,0.40767261385917664,0.49188467860221863,-0.43746453523635864,0.9710688591003418,0.48808175325393677,0.4628523886203766,0.00692795030772686,0.9998463988304138,0.4224381446838379,0.4626948833465576,-0.007036869879812002,0.9997854232788086,0.4791381359100342,0.528921902179718,-0.1960565447807312,0.979481041431427,0.42189154028892517,0.5233737230300903,-0.17440196871757507,0.982251763343811,0.47879350185394287,0.5931684374809265,0.006901918910443783,0.9817936420440674,0.41223442554473877,0.588470995426178,0.004684033337980509,0.9806036353111267,0.47304412722587585,0.5997720956802368,0.018141601234674454,0.893299400806427,0.4164770543575287,0.5946676135063171,0.014154689386487007,0.7747815251350403,0.4830761253833771,0.6166225671768188,-0.13712862133979797,0.9770554900169373,0.41513583064079285,0.6117520928382874,-0.15080402791500092,0.9738219976425171,sentarse,sentarse_008.mp4,22
0.5141415596008301,0.39583706855773926,-0.32600682973861694,0.9999838471412659,0.3927767276763916,0.39918678998947144,-0.35627928376197815,0.9999672770500183,0.5262902975082397,0.44824227690696716,-0.2891101837158203,0.9895209670066833,0.3840633034706116,0.45484697818756104,-0.34177589416503906,0.9913084506988525,0.5047133564949036,0.49080803990364075,-0.39468902349472046,0.9828497767448425,0.40984785556793213,0.49499574303627014,-0.44440117478370667,0.9722957611083984,0.4881184995174408,0.4664839208126068,0.009956689551472664,0.9998500347137451,0.42248091101646423,0.4663096070289612,-0.010031355544924736,0.9997899532318115,0.4796997010707855,0.5294946432113647,-0.24315668642520905,0.9785839915275574,0.4228557348251343,0.5234614610671997,-0.243861585855484,0.9806439876556396,0.4787834584712982,0.5932518243789673,-0.019274234771728516,0.9805312752723694,0.4127964973449707,0.5886375904083252,-0.040542054921388626,0.9797466993331909,0.47287124395370483,0.5998188853263855,-0.00542046781629324,0.8889305591583252,0.41736891865730286,0.5947654843330383,-0.028395531699061394,0.77190762758255,0.4841485023498535,0.6166075468063354,-0.1600421965122223,0.9752665162086487,0.41524940729141235,0.6117639541625977,-0.19702088832855225,0.9728236794471741,sentarse,sentarse_008.mp4,23
0.5135689377784729,0.40052998065948486,-0.33458906412124634,0.9999840259552002,0.39272621273994446,0.40394794940948486,-0.3527708947658539,0.9999684691429138,0.5278236865997314,0.4529043436050415,-0.30890724062919617,0.9900714159011841,0.38129276037216187,0.4594409465789795,-0.34350040555000305,0.9919220209121704,0.502238392829895,0.4940001964569092,-0.4104894995689392,0.9829670190811157,0.4104977250099182,0.499186635017395,-0.43911129236221313,0.9732659459114075,0.4880067706108093,0.46807679533958435,0.00956517644226551,0.9998550415039062,0.4225482940673828,0.46779733896255493,-0.009619085118174553,0.9997947812080383,0.4795974791049957,0.5294920206069946,-0.26321321725845337,0.9776300191879272,0.4242764711380005,0.5235363245010376,-0.2470361739397049,0.9785846471786499,0.4790688455104828,0.5935990810394287,-0.06734876334667206,0.9793375134468079,0.41361284255981445,0.5886905193328857,-0.06758357584476471,0.9781454801559448,0.47296345233917236,0.6005317568778992,-0.055973660200834274,0.8854563236236572,0.4186529815196991,0.5948243141174316,-0.0573965385556221,0.7676142454147339,0.4846658706665039,0.6166878938674927,-0.21228253841400146,0.9735826253890991,0.4153054654598236,0.6117612719535828,-0.22262494266033173,0.9710209369659424,sentarse,sentarse_008.mp4,24
0.513228178024292,0.4054126441478729,-0.3154015839099884,0.9999850392341614,0.392689049243927,0.408927857875824,-0.32858407497406006,0.9999702572822571,0.5308569669723511,0.45735329389572144,-0.2992906868457794,0.990791916847229,0.3775296211242676,0.4626733660697937,-0.3217304050922394,0.9924890398979187,0.4995378851890564,0.4963381588459015,-0.40365415811538696,0.9836683869361877,0.4106270968914032,0.502076268196106,-0.41582250595092773,0.9738693237304688,0.4879275858402252,0.4735516607761383,0.009364690631628036,0.9998612999916077,0.4225981831550598,0.47310009598731995,-0.009395266883075237,0.9998022317886353,0.479339599609375,0.5299223065376282,-0.3012371361255646,0.978072464466095,0.4249477982521057,0.5241323709487915,-0.3024507462978363,0.978450357913971,0.4791598320007324,0.593812108039856,-0.08396834135055542,0.9792004227638245,0.41472339630126953,0.589003324508667,-0.10204878449440002,0.9776900410652161,0.47310319542884827,0.6006911396980286,-0.06976716965436935,0.8843271732330322,0.41992393136024475,0.594846785068512,-0.08885417133569717,0.7683124542236328,0.4847782254219055,0.6171401143074036,-0.22474370896816254,0.9731121063232422,0.4158324599266052,0.6125963926315308,-0.2533482611179352,0.9703329801559448,sentarse,sentarse_008.mp4,25
0.512825608253479,0.41008126735687256,-0.30943894386291504,0.9999859929084778,0.3927064538002014,0.4128228724002838,-0.3193138539791107,0.9999718070030212,0.5338339805603027,0.4607676565647125,-0.2976854741573334,0.9914422035217285,0.37481746077537537,0.46487289667129517,-0.31331270933151245,0.9930026531219482,0.4982524812221527,0.4976479411125183,-0.40157291293144226,0.9841423034667969,0.41094186902046204,0.5029051303863525,-0.40541404485702515,0.9742898344993591,0.4879692792892456,0.4766314625740051,0.008580111898481846,0.9998677968978882,0.42263615131378174,0.4760015904903412,-0.008584677241742611,0.9998096823692322,0.4793213903903961,0.5302377939224243,-0.3193177580833435,0.9785434603691101,0.4254145622253418,0.525188684463501,-0.3048386871814728,0.9780788421630859,0.47947970032691956,0.5938100814819336,-0.09513044357299805,0.9789184927940369,0.4148886203765869,0.5889643430709839,-0.10119672864675522,0.977081835269928,0.4732714891433716,0.6007095575332642,-0.08008524030447006,0.882144570350647,0.4205973446369171,0.5948264598846436,-0.08784682303667068,0.7684075832366943,0.4850172698497772,0.6169350147247314,-0.233603835105896,0.972445011138916,0.41541409492492676,0.612582266330719,-0.2512320876121521,0.9695249199867249,sentarse,sentarse_008.mp4,26
0.5121302604675293,0.41302749514579773,-0.3259877562522888,0.999987006187439,0.39277881383895874,0.4161900281906128,-0.3303130567073822,0.9999733567237854,0.5366628170013428,0.46270933747291565,-0.3274063169956207,0.9920404553413391,0.3723548948764801,0.4670141041278839,-0.33631351590156555,0.9935020208358765,0.49873459339141846,0.4991985857486725,-0.4377456307411194,0.9845684766769409,0.4112488627433777,0.5037962794303894,-0.43251678347587585,0.9748016595840454,0.488295316696167,0.47973060607910156,0.007697688415646553,0.9998748898506165,0.4230259656906128,0.47941508889198303,-0.007688102778047323,0.999818742275238,0.4799634516239166,0.5315604209899902,-0.3441276550292969,0.979127824306488,0.4258078634738922,0.5277034640312195,-0.3441140353679657,0.9782510995864868,0.479594886302948,0.5937080979347229,-0.0786752924323082,0.9787795543670654,0.41507500410079956,0.5890601277351379,-0.09209175407886505,0.9766998887062073,0.4735245108604431,0.600265383720398,-0.0593826025724411,0.8797871470451355,0.4205150008201599,0.5946803689002991,-0.07343123108148575,0.7681061625480652,0.4850178360939026,0.6165713667869568,-0.21115636825561523,0.9720285534858704,0.4152928292751312,0.6129794120788574,-0.2337256819009781,0.9688278436660767,sentarse,sentarse_008.mp4,27
0.5118239521980286,0.41660842299461365,-0.3135319650173187,0.9999879002571106,0.3930119574069977,0.41974762082099915,-0.32360175251960754,0.9999745488166809,0.5390457510948181,0.4652838110923767,-0.3115122616291046,0.992576003074646,0.3693316876888275,0.46929943561553955,-0.3185184597969055,0.9939168691635132,0.498874306678772,0.5006046891212463,-0.4212713837623596,0.9848257303237915,0.41123807430267334,0.5051520466804504,-0.4151782989501953,0.9747946262359619,0.4891054630279541,0.48225435614585876,0.005417573265731335,0.9998794794082642,0.4240107536315918,0.48208779096603394,-0.005349029321223497,0.999823272228241,0.48007065057754517,0.5314943194389343,-0.3517132103443146,0.979682445526123,0.42607903480529785,0.5283563733100891,-0.33342111110687256,0.977778971195221,0.4801360070705414,0.5936578512191772,-0.09483300149440765,0.9784082770347595,0.41506722569465637,0.5890862345695496,-0.10427630692720413,0.9761461615562439,0.4744608700275421,0.6000807881355286,-0.07615206390619278,0.8768942952156067,0.4204358756542206,0.5947281122207642,-0.08766397833824158,0.7693673372268677,0.484952449798584,0.6159221529960632,-0.22878983616828918,0.9710609316825867,0.4153112769126892,0.61297208070755,-0.252233624458313,0.9678666591644287,sentarse,sentarse_008.mp4,28
0.5116273760795593,0.4195220172405243,-0.25838392972946167,0.999988853931427,0.3933190703392029,0.4222407042980194,-0.25921085476875305,0.9999761581420898,0.5407396554946899,0.4676152765750885,-0.2702236771583557,0.9930883646011353,0.367165207862854,0.47160959243774414,-0.26958951354026794,0.9943076968193054,0.49896228313446045,0.501871645450592,-0.3775838017463684,0.9850918054580688,0.4112820327281952,0.5058470964431763,-0.3644392490386963,0.974666178226471,0.4897020161151886,0.48739778995513916,0.004435266833752394,0.9998854994773865,0.4244979918003082,0.4872509837150574,-0.004307636525481939,0.9998300075531006,0.48043501377105713,0.5314463973045349,-0.3620956242084503,0.9806395173072815,0.4264695644378662,0.5282227993011475,-0.3369118273258209,0.9781395196914673,0.4805019199848175,0.5936558246612549,-0.12119381129741669,0.9783512949943542,0.4151231646537781,0.58919757604599,-0.13546282052993774,0.9764994382858276,0.4751134216785431,0.5999273061752319,-0.10331033170223236,0.8776415586471558,0.42042550444602966,0.5949478149414062,-0.12080445140600204,0.7779547572135925,0.48489221930503845,0.6156466603279114,-0.2515244483947754,0.9706870317459106,0.4153178334236145,0.6132437586784363,-0.28273651003837585,0.9682020545005798,sentarse,sentarse_008.mp4,29
0.5115243792533875,0.42201244831085205,-0.16402089595794678,0.9999898672103882,0.39420992136001587,0.4237774908542633,-0.1746576577425003,0.9999780654907227,0.5420981049537659,0.4695936143398285,-0.17023466527462006,0.9935881495475769,0.3655783236026764,0.4728034734725952,-0.18668195605278015,0.9946606755256653,0.4986817538738251,0.503373384475708,-0.2778044641017914,0.985626757144928,0.4111888110637665,0.506171464920044,-0.28688788414001465,0.974953830242157,0.4894653856754303,0.493917316198349,0.004601191263645887,0.9998925924301147,0.4244878888130188,0.4937809705734253,-0.00452992832288146,0.9998387098312378,0.4812506139278412,0.5299580693244934,-0.3738088309764862,0.9819111824035645,0.4278966188430786,0.5259323120117188,-0.3581085503101349,0.9793080687522888,0.48053333163261414,0.5935657620429993,-0.17408472299575806,0.9786942601203918,0.41514262557029724,0.5891943573951721,-0.20337586104869843,0.9773382544517517,0.4750450551509857,0.599882960319519,-0.15882986783981323,0.8824644088745117,0.4203870892524719,0.5950896143913269,-0.19197587668895721,0.7918204069137573,0.48472708463668823,0.6156376004219055,-0.30240219831466675,0.9712981581687927,0.41522952914237976,0.613130509853363,-0.3486495316028595,0.9694008231163025,sentarse,sentarse_008.mp4,30
0.5114989876747131,0.42443326115608215,-0.12118932604789734,0.9999907612800598,0.39519578218460083,0.4260440766811371,-0.13667064905166626,0.9999798536300659,0.5424811244010925,0.4712914824485779,-0.13129040598869324,0.9940347671508789,0.365522563457489,0.47381845116615295,-0.1586371213197708,0.9949735403060913,0.4985143542289734,0.5039063096046448,-0.24329237639904022,0.9862733483314514,0.41126951575279236,0.5059624314308167,-0.2716590464115143,0.975448727607727,0.489426851272583,0.5010121464729309,0.007881946861743927,0.9998998045921326,0.4244040250778198,0.49948370456695557,-0.007679549977183342,0.9998483061790466,0.48269835114479065,0.5299218893051147,-0.3805069625377655,0.9829639792442322,0.42902711033821106,0.5251970887184143,-0.3776254653930664,0.9804884791374207,0.48057639598846436,0.5937361717224121,-0.1740199476480484,0.9788500666618347,0.4153439700603485,0.5908058285713196,-0.2200428992509842,0.9783642292022705,0.47505712509155273,0.6005544662475586,-0.1578158736228943,0.8878588080406189,0.42054733633995056,0.5977619290351868,-0.20832176506519318,0.805738627910614,0.4850204885005951,0.6155603528022766,-0.2981344163417816,0.9721118211746216,0.41531601548194885,0.6134921908378601,-0.36697912216186523,0.9709309339523315,sentarse,sentarse_008.mp4,31
0.5115329027175903,0.42614972591400146,-0.16559427976608276,0.9999913573265076,0.3960767686367035,0.42692604660987854,-0.18701477348804474,0.999981164932251,0.5424383282661438,0.4727603495121002,-0.19279365241527557,0.9943197965621948,0.3667006194591522,0.47622036933898926,-0.21735316514968872,0.9952764511108398,0.49872922897338867,0.5024666786193848,-0.32527822256088257,0.9863743185997009,0.4114444851875305,0.5059043169021606,-0.3449972867965698,0.9766046404838562,0.4884631633758545,0.504974901676178,0.010673786513507366,0.9999051094055176,0.423837274312973,0.5053045749664307,-0.010423557832837105,0.9998558759689331,0.48253005743026733,0.5299197435379028,-0.40559712052345276,0.9836912155151367,0.4290955364704132,0.5248959064483643,-0.4030991792678833,0.9809437394142151,0.48036205768585205,0.5937397480010986,-0.15974190831184387,0.9785876870155334,0.41525107622146606,0.590648889541626,-0.19587887823581696,0.9786788821220398,0.47447413206100464,0.6006646752357483,-0.14032623171806335,0.8918158411979675,0.41992223262786865,0.5975967645645142,-0.1802033931016922,0.8155538439750671,0.4849042594432831,0.6154093146324158,-0.29146572947502136,0.9723436832427979,0.4158536195755005,0.6127341985702515,-0.3516824543476105,0.9717631936073303,sentarse,sentarse_008.mp4,32
0.5115774869918823,0.42615363001823425,-0.102215975522995,0.9999920129776001,0.39687424898147583,0.42703691124916077,-0.11191170662641525,0.9999823570251465,0.5426421761512756,0.4729458689689636,-0.1273575723171234,0.9946311116218567,0.36704781651496887,0.47660353779792786,-0.14615407586097717,0.9952290058135986,0.4988178312778473,0.5027661919593811,-0.260648638010025,0.9866082072257996,0.4119657278060913,0.5057371258735657,-0.28249871730804443,0.976300835609436,0.4884662628173828,0.5071614384651184,0.009939080104231834,0.9999103546142578,0.4234549403190613,0.5073290467262268,-0.009609617292881012,0.9998608827590942,0.48188862204551697,0.527990460395813,-0.43110793828964233,0.984553873538971,0.4289938509464264,0.5237123966217041,-0.3979414999485016,0.9812963008880615,0.48033443093299866,0.5935503840446472,-0.22403182089328766,0.9780911207199097,0.41531839966773987,0.5903467535972595,-0.2410583198070526,0.9788602590560913,0.4745110273361206,0.6005186438560486,-0.20754081010818481,0.8956857919692993,0.4199199676513672,0.5975260138511658,-0.2295321226119995,0.8258840441703796,0.48273101449012756,0.6152235269546509,-0.3560733497142792,0.9725372791290283,0.41597506403923035,0.6122168898582458,-0.3942548930644989,0.9724202156066895,sentarse,sentarse_008.mp4,33
0.511620283126831,0.42589181661605835,-0.08151077479124069,0.9999926090240479,0.3975745141506195,0.4273393750190735,-0.08820763230323792,0.9999833106994629,0.5434680581092834,0.47242599725723267,-0.10509966313838959,0.9948812127113342,0.3675779104232788,0.4763641357421875,-0.13073880970478058,0.9951043725013733,0.4989420473575592,0.5024641752243042,-0.23673582077026367,0.9870291352272034,0.4121144711971283,0.5051771998405457,-0.281753271818161,0.9765383005142212,0.4886201024055481,0.5072055459022522,0.009831111878156662,0.9999161958694458,0.4234186112880707,0.5078710317611694,-0.009471341036260128,0.99986732006073,0.4825185239315033,0.5276473164558411,-0.4390864670276642,0.9855108857154846,0.42909863591194153,0.5231696963310242,-0.40964171290397644,0.9819876551628113,0.48047393560409546,0.5932016968727112,-0.2232353836297989,0.9782413244247437,0.41566455364227295,0.5892733335494995,-0.24767962098121643,0.9796773791313171,0.47461915016174316,0.6001781225204468,-0.20583897829055786,0.9003809690475464,0.4199192523956299,0.5971715450286865,-0.23527735471725464,0.8368184566497803,0.4826664626598358,0.615226686000824,-0.3503749966621399,0.9733309149742126,0.41683053970336914,0.6122175455093384,-0.3970412313938141,0.9736791253089905,sentarse,sentarse_008.mp4,34
0.5118264555931091,0.42483195662498474,-0.09436061978340149,0.9999931454658508,0.3988833427429199,0.4265456795692444,-0.09463740885257721,0.9999837875366211,0.5431229472160339,0.47194647789001465,-0.11499270051717758,0.9951038360595703,0.3707214891910553,0.47566938400268555,-0.13675464689731598,0.9948140382766724,0.49958354234695435,0.5027007460594177,-0.24778375029563904,0.9875143766403198,0.41213104128837585,0.5047234296798706,-0.29758960008621216,0.9765466451644897,0.4890139400959015,0.5049071907997131,0.009415593929588795,0.9999215602874756,0.4233471155166626,0.5055396556854248,-0.009058818221092224,0.9998731017112732,0.48344239592552185,0.5284494161605835,-0.4393176734447479,0.9864647388458252,0.42922693490982056,0.5239269733428955,-0.40885689854621887,0.9826552867889404,0.48069074749946594,0.5932436585426331,-0.20696431398391724,0.978829562664032,0.4164153039455414,0.589263379573822,-0.22871901094913483,0.9806386232376099,0.47473612427711487,0.6001864671707153,-0.18846389651298523,0.9048823118209839,0.4201490581035614,0.5971068739891052,-0.21518896520137787,0.8465999364852905,0.4826788306236267,0.6155526638031006,-0.3377704620361328,0.974406361579895,0.4170168936252594,0.6122827529907227,-0.3826383948326111,0.9750521779060364,sentarse,sentarse_008.mp4,35
0.5123652815818787,0.42404454946517944,-0.094752736389637,0.999993622303009,0.40060850977897644,0.4256809651851654,-0.092706598341465,0.9999841451644897,0.542393684387207,0.47129398584365845,-0.1165766492486,0.9952690005302429,0.37456566095352173,0.4745098352432251,-0.13590994477272034,0.9944726824760437,0.4998701214790344,0.5026163458824158,-0.24820441007614136,0.9880003929138184,0.4122127294540405,0.5046786665916443,-0.29838916659355164,0.9765173196792603,0.48946619033813477,0.5039977431297302,0.008829742670059204,0.9999263286590576,0.42334797978401184,0.504599392414093,-0.008496486581861973,0.999878466129303,0.48398205637931824,0.5294164419174194,-0.43066921830177307,0.9873425960540771,0.4291701912879944,0.5247215032577515,-0.4015098810195923,0.9832724332809448,0.48111414909362793,0.5932443737983704,-0.19381603598594666,0.9794864654541016,0.4165554642677307,0.588974118232727,-0.21377018094062805,0.9815412163734436,0.4751695990562439,0.600013256072998,-0.17505256831645966,0.9086516499519348,0.42015454173088074,0.5965441465377808,-0.1996525526046753,0.8554250597953796,0.4827076196670532,0.6157294511795044,-0.32370081543922424,0.9754447937011719,0.41710275411605835,0.6122855544090271,-0.36481374502182007,0.9763403534889221,sentarse,sentarse_008.mp4,36
0.5131612420082092,0.4232482314109802,-0.09416987746953964,0.9999939799308777,0.4028426706790924,0.42461276054382324,-0.09328943490982056,0.9999846816062927,0.5388150215148926,0.4707609713077545,-0.11400966346263885,0.9953728914260864,0.37900587916374207,0.47423386573791504,-0.1325625628232956,0.9942523837089539,0.5002627372741699,0.5024255514144897,-0.2439993917942047,0.9884203672409058,0.4125004708766937,0.5039240121841431,-0.29030728340148926,0.9765698909759521,0.49014756083488464,0.5024808049201965,0.008801178075373173,0.9999300837516785,0.42353084683418274,0.5027480721473694,-0.008474301546812057,0.9998832941055298,0.484335720539093,0.5301052927970886,-0.41473519802093506,0.9881099462509155,0.4291521906852722,0.5250111222267151,-0.39295634627342224,0.9840117692947388,0.48132726550102234,0.5931587219238281,-0.19337992370128632,0.9801173806190491,0.4166223406791687,0.5889813899993896,-0.21661362051963806,0.982378363609314,0.47550445795059204,0.5998386740684509,-0.17634110152721405,0.9123084545135498,0.4201177954673767,0.596531331539154,-0.20391467213630676,0.8630128502845764,0.48272913694381714,0.6157285571098328,-0.3240589499473572,0.9764676690101624,0.41832923889160156,0.612333357334137,-0.368548721075058,0.9774945378303528,sentarse,sentarse_008.mp4,37
0.5142709016799927,0.42266950011253357,-0.08046558499336243,0.9999943375587463,0.4046689569950104,0.42410436272621155,-0.08472149819135666,0.9999855160713196,0.5349839329719543,0.470235139131546,-0.10408486425876617,0.995323896408081,0.38422390818595886,0.47281336784362793,-0.12781350314617157,0.9939764142036438,0.5007853507995605,0.5022100210189819,-0.2415163367986679,0.9885596036911011,0.4126005172729492,0.5024842619895935,-0.29065337777137756,0.9765914678573608,0.490578830242157,0.5014681816101074,0.010214811190962791,0.9999346137046814,0.42364102602005005,0.5016542077064514,-0.009950613602995872,0.9998894333839417,0.48548316955566406,0.5302198529243469,-0.4126025438308716,0.9888834357261658,0.42911267280578613,0.5249936580657959,-0.38441818952560425,0.9849323034286499,0.48135653138160706,0.5931892395019531,-0.20220015943050385,0.9809921383857727,0.41663551330566406,0.5889396071434021,-0.2145899534225464,0.9832528233528137,0.4754955768585205,0.6001473069190979,-0.18643857538700104,0.9168797731399536,0.42006340622901917,0.5965157151222229,-0.20271995663642883,0.8705182671546936,0.4835679233074188,0.615726888179779,-0.3341931104660034,0.9776502251625061,0.41830575466156006,0.612430214881897,-0.3664739727973938,0.9786694645881653,sentarse,sentarse_008.mp4,38
0.5150964856147766,0.4222900867462158,-0.0791073888540268,0.9999946355819702,0.40620338916778564,0.42401719093322754,-0.08375755697488785,0.9999862313270569,0.5327225923538208,0.4699353575706482,-0.10261023044586182,0.9952311515808105,0.3874070346355438,0.47122156620025635,-0.12393167614936829,0.9937419891357422,0.5012840032577515,0.502166748046875,-0.2419666200876236,0.9886235594749451,0.41270503401756287,0.5010837316513062,-0.2860693335533142,0.9767065048217773,0.4912472069263458,0.500851035118103,0.01057023461908102,0.9999383091926575,0.42418643832206726,0.5009894371032715,-0.010330341756343842,0.9998947381973267,0.48607346415519714,0.5304317474365234,-0.4081789553165436,0.989568829536438,0.4290201961994171,0.5249940752983093,-0.3810996413230896,0.985734224319458,0.4813547134399414,0.5931727290153503,-0.1970563381910324,0.9816914200782776,0.41663292050361633,0.5889564156532288,-0.21277189254760742,0.9840319156646729,0.4754839241504669,0.6001461148262024,-0.1812126487493515,0.9205899834632874,0.4199814200401306,0.596502423286438,-0.2010527402162552,0.8769637942314148,0.4836784601211548,0.6157172918319702,-0.3279705047607422,0.97862708568573,0.418362021446228,0.612487256526947,-0.3643493950366974,0.979701578617096,sentarse,sentarse_008.mp4,39
0.5155688524246216,0.4220372140407562,-0.07425451278686523,0.9999948740005493,0.40775763988494873,0.4238777458667755,-0.07769153267145157,0.9999868869781494,0.5313658118247986,0.4698788821697235,-0.10170455276966095,0.9951605796813965,0.3904593586921692,0.4702679514884949,-0.11906811594963074,0.9934275150299072,0.5014963746070862,0.5016557574272156,-0.2472199946641922,0.9887213706970215,0.41290876269340515,0.5000438690185547,-0.28918465971946716,0.9768421649932861,0.49153849482536316,0.5004706978797913,0.010517156682908535,0.9999414682388306,0.4249095916748047,0.5006214380264282,-0.010286110453307629,0.9998997449874878,0.48616135120391846,0.5304291844367981,-0.4047139883041382,0.9902157187461853,0.428335964679718,0.5247830748558044,-0.3796272277832031,0.9865161776542664,0.4813680648803711,0.5928849577903748,-0.19355721771717072,0.9823450446128845,0.41660276055336,0.5894383788108826,-0.2148658037185669,0.9848065376281738,0.4755202829837799,0.5999712944030762,-0.17832261323928833,0.9237513542175293,0.41999533772468567,0.5971096158027649,-0.2038227766752243,0.8832119107246399,0.48368263244628906,0.6156291365623474,-0.32682594656944275,0.9795283079147339,0.418229341506958,0.6126919388771057,-0.36994144320487976,0.9807038307189941,sentarse,sentarse_008.mp4,40
0.5161622166633606,0.42187005281448364,-0.0636889785528183,0.9999950528144836,0.40909767150878906,0.42372968792915344,-0.06962057948112488,0.9999875426292419,0.5304540395736694,0.4697105884552002,-0.09243911504745483,0.9949585795402527,0.39266833662986755,0.46982669830322266,-0.1116446852684021,0.9931265711784363,0.5016170740127563,0.5012152791023254,-0.24220900237560272,0.9884980320930481,0.4132011830806732,0.49889978766441345,-0.2865440547466278,0.9769993424415588,0.4917535185813904,0.5003365278244019,0.010786452330648899,0.9999434947967529,0.4254385828971863,0.5003570318222046,-0.010558780282735825,0.9999030828475952,0.48619338870048523,0.530424952507019,-0.3993338942527771,0.9908264875411987,0.4278220236301422,0.5245565176010132,-0.3787138760089874,0.9872494339942932,0.48148080706596375,0.5921927094459534,-0.188319131731987,0.9829742312431335,0.41637757420539856,0.5895153284072876,-0.2147584855556488,0.9855095744132996,0.47589313983917236,0.5990551710128784,-0.17260673642158508,0.926413357257843,0.4196474850177765,0.5971755981445312,-0.20374952256679535,0.8888910412788391,0.4836248755455017,0.6154736280441284,-0.32089757919311523,0.9803346395492554,0.4181548058986664,0.6128398776054382,-0.3709354102611542,0.9816112518310547,sentarse,sentarse_008.mp4,41
0.5167392492294312,0.4217792749404907,-0.06031951308250427,0.999995231628418,0.41057685017585754,0.42362385988235474,-0.06643093377351761,0.9999881386756897,0.5296813249588013,0.4695627689361572,-0.08640855550765991,0.9947668313980103,0.3939307928085327,0.46904775500297546,-0.10864631831645966,0.99288409948349,0.5022027492523193,0.5004317164421082,-0.23323610424995422,0.9883062839508057,0.4132138192653656,0.49727827310562134,-0.28428933024406433,0.9772838950157166,0.4917793571949005,0.500313401222229,0.01128281932324171,0.9999443888664246,0.4256076514720917,0.5001753568649292,-0.011052579618990421,0.9999046921730042,0.4870065748691559,0.5303980708122253,-0.3870663344860077,0.9913901090621948,0.4277980923652649,0.5244176387786865,-0.3771320879459381,0.987938642501831,0.48156630992889404,0.591525137424469,-0.18020159006118774,0.9836103916168213,0.41616007685661316,0.5894911289215088,-0.21099498867988586,0.9861494898796082,0.47612473368644714,0.5983503460884094,-0.16491010785102844,0.9288294315338135,0.41906988620758057,0.5970711708068848,-0.19968530535697937,0.8940526843070984,0.48363032937049866,0.6153358221054077,-0.3083714544773102,0.9810450077056885,0.4180140495300293,0.6131768226623535,-0.3651418387889862,0.9823959469795227,sentarse,sentarse_008.mp4,42
0.5173359513282776,0.42185482382774353,-0.05774472653865814,0.9999953508377075,0.4118141531944275,0.4233900010585785,-0.061660584062337875,0.9999887347221375,0.5295853614807129,0.46943068504333496,-0.08652634918689728,0.9946299195289612,0.39524325728416443,0.46839019656181335,-0.10402914881706238,0.9928011894226074,0.5030199289321899,0.49944883584976196,-0.23841623961925507,0.9883217811584473,0.4132234752178192,0.49566441774368286,-0.2829543352127075,0.9780455231666565,0.49192550778388977,0.5003324747085571,0.011270721442997456,0.9999451041221619,0.4259161055088043,0.5000724196434021,-0.011043192818760872,0.9999061226844788,0.487905889749527,0.5303937792778015,-0.37958672642707825,0.9918648600578308,0.4273224472999573,0.524427056312561,-0.37086060643196106,0.9884278774261475,0.481658935546875,0.59147047996521,-0.17578758299350739,0.984024703502655,0.4153296947479248,0.5894916653633118,-0.20936505496501923,0.9865332245826721,0.4761391580104828,0.5983669757843018,-0.16099528968334198,0.9305521249771118,0.41755762696266174,0.5970543026924133,-0.197349414229393,0.8979064226150513,0.4840202033519745,0.6151158809661865,-0.30372655391693115,0.981495201587677,0.41768679022789,0.6131432056427002,-0.3625129461288452,0.9828903079032898,sentarse,sentarse_008.mp4,43
0.5177586674690247,0.42192500829696655,-0.04822206497192383,0.9999955296516418,0.41271716356277466,0.42318588495254517,-0.05268193408846855,0.9999892711639404,0.5293490886688232,0.46940526366233826,-0.08043327927589417,0.9945020079612732,0.39619845151901245,0.46753546595573425,-0.09538844227790833,0.992790937423706,0.5042853355407715,0.49818018078804016,-0.23745304346084595,0.988447368144989,0.4132108688354492,0.49435269832611084,-0.27470663189888,0.9788725972175598,0.4920520484447479,0.5002511143684387,0.011249826289713383,0.9999455213546753,0.42631277441978455,0.4998353123664856,-0.011015255935490131,0.999906599521637,0.48949122428894043,0.5303188562393188,-0.37376829981803894,0.9922996759414673,0.4267398416996002,0.5244056582450867,-0.36373430490493774,0.9888595342636108,0.48183491826057434,0.5911689400672913,-0.17473559081554413,0.984380304813385,0.41451752185821533,0.5890199542045593,-0.208168625831604,0.9867123961448669,0.4763754904270172,0.5981164574623108,-0.16036444902420044,0.9316527843475342,0.4155694246292114,0.5962361097335815,-0.19688743352890015,0.9006141424179077,0.48425644636154175,0.6149343252182007,-0.30251842737197876,0.9817644953727722,0.4175652861595154,0.6129947304725647,-0.35890159010887146,0.9831361174583435,sentarse,sentarse_008.mp4,44
0.5181993842124939,0.42195335030555725,-0.04602161794900894,0.999995768070221,0.41333630681037903,0.4230177700519562,-0.049705348908901215,0.9999898076057434,0.5292251110076904,0.46903303265571594,-0.08054616302251816,0.9943912625312805,0.39690864086151123,0.46693989634513855,-0.08992578089237213,0.9928473234176636,0.5053867101669312,0.4968591630458832,-0.24087290465831757,0.9885691404342651,0.4131365716457367,0.49366599321365356,-0.26897090673446655,0.9797176122665405,0.4923294484615326,0.5000467300415039,0.010556824505329132,0.9999460577964783,0.4268347918987274,0.4993581771850586,-0.0103110671043396,0.9999067187309265,0.48968416452407837,0.5300800204277039,-0.3667072355747223,0.9927560091018677,0.4265810251235962,0.5241759419441223,-0.350788414478302,0.9893149137496948,0.4825865626335144,0.5908907055854797,-0.1711600124835968,0.9849025011062622,0.4142394959926605,0.5879915952682495,-0.1959906369447708,0.9869410395622253,0.47754374146461487,0.5977768898010254,-0.15725238621234894,0.932551920413971,0.41415151953697205,0.5946694016456604,-0.185679629445076,0.9028575420379639,0.484254390001297,0.6149318218231201,-0.2992055118083954,0.9821342825889587,0.41752374172210693,0.6127181053161621,-0.3441299796104431,0.983417809009552,sentarse,sentarse_008.mp4,45
0.5185946226119995,0.42198216915130615,-0.04750090837478638,0.9999959468841553,0.41403642296791077,0.4228808283805847,-0.04961526021361351,0.9999902248382568,0.5290822982788086,0.4684818387031555,-0.08155210316181183,0.994287371635437,0.3978026211261749,0.4664243161678314,-0.08893350511789322,0.9928866624832153,0.5062544941902161,0.49579164385795593,-0.24213983118534088,0.9886701107025146,0.4129868149757385,0.49281570315361023,-0.26809754967689514,0.9805147051811218,0.49291273951530457,0.49918806552886963,0.008644774556159973,0.9999464154243469,0.42757999897003174,0.49819570779800415,-0.008388015441596508,0.9999064207077026,0.4901277422904968,0.5297209620475769,-0.35932886600494385,0.9931999444961548,0.42647212743759155,0.5238174200057983,-0.33939021825790405,0.9897225499153137,0.48361843824386597,0.5907742381095886,-0.17009249329566956,0.9854491353034973,0.4141303598880768,0.5871391892433167,-0.18903782963752747,0.9871279001235962,0.4792112112045288,0.5974180698394775,-0.15667814016342163,0.9328668713569641,0.4134546220302582,0.593755841255188,-0.17935816943645477,0.9042110443115234,0.48393645882606506,0.6149473786354065,-0.2993468940258026,0.9824904203414917,0.4173687994480133,0.6123467683792114,-0.3360828161239624,0.9836375713348389,sentarse,sentarse_008.mp4,46
0.5190085172653198,0.42209309339523315,-0.038054995238780975,0.9999961256980896,0.41472455859184265,0.42278924584388733,-0.04168931767344475,0.999990701675415,0.529170036315918,0.4680717885494232,-0.07560314238071442,0.9941238760948181,0.3985011875629425,0.4661421477794647,-0.08366402983665466,0.9929534196853638,0.5068551301956177,0.4947550594806671,-0.24263057112693787,0.9886856079101562,0.41288232803344727,0.49224692583084106,-0.26772308349609375,0.981332540512085,0.49348652362823486,0.4986577332019806,0.008134732022881508,0.9999473094940186,0.428109347820282,0.4974348247051239,-0.007869521155953407,0.9999069571495056,0.4906338155269623,0.5293256044387817,-0.3632947504520416,0.9935988783836365,0.42641884088516235,0.5236749053001404,-0.342075914144516,0.9900773167610168,0.4845001697540283,0.5912579298019409,-0.18147076666355133,0.9859334826469421,0.41386058926582336,0.5872182846069336,-0.19263310730457306,0.9872552752494812,0.48018279671669006,0.5979724526405334,-0.1695539355278015,0.9337264895439148,0.41305291652679443,0.5938888192176819,-0.18483440577983856,0.905665397644043,0.4838707149028778,0.6149923801422119,-0.31483596563339233,0.9828416109085083,0.4171604514122009,0.6122080087661743,-0.3407895267009735,0.9838038086891174,sentarse,sentarse_008.mp4,47
0.5192725658416748,0.4221414029598236,-0.026044735684990883,0.9999963045120239,0.415343314409256,0.42271795868873596,-0.030139135196805,0.9999911785125732,0.5291911363601685,0.46757808327674866,-0.06794556975364685,0.99395751953125,0.3989470601081848,0.46570858359336853,-0.07674932479858398,0.9929597973823547,0.5073251724243164,0.49419790506362915,-0.23532016575336456,0.988677442073822,0.4125179946422577,0.4917740523815155,-0.26156580448150635,0.9819272756576538,0.4939034879207611,0.49825623631477356,0.007701389025896788,0.9999480247497559,0.4285236597061157,0.49682602286338806,-0.007418790366500616,0.9999076128005981,0.49156731367111206,0.5284069180488586,-0.36650335788726807,0.9939789175987244,0.42618605494499207,0.5224606990814209,-0.3470897674560547,0.9904528856277466,0.48510798811912537,0.5911760330200195,-0.1962280124425888,0.9863855838775635,0.41341060400009155,0.5872635841369629,-0.21368050575256348,0.9874359369277954,0.4805249273777008,0.5979326367378235,-0.184928759932518,0.9346808791160583,0.41275379061698914,0.5939481258392334,-0.20603181421756744,0.9076024889945984,0.483872652053833,0.614835798740387,-0.3304925560951233,0.9832035899162292,0.41672858595848083,0.6122106909751892,-0.36486783623695374,0.9840127229690552,sentarse,sentarse_008.mp4,48
0.5195991396903992,0.42220941185951233,-0.014267250895500183,0.999996542930603,0.41561153531074524,0.42266523838043213,-0.021624280139803886,0.9999916553497314,0.5292664766311646,0.46728262305259705,-0.059076640754938126,0.993895947933197,0.3992222547531128,0.46541622281074524,-0.06981946527957916,0.9930652379989624,0.5077050924301147,0.4935981333255768,-0.22444356977939606,0.9887778162956238,0.4121735394001007,0.49135759472846985,-0.2507992386817932,0.9825870394706726,0.49411705136299133,0.4980297088623047,0.007732376456260681,0.9999494552612305,0.4286593496799469,0.4965289533138275,-0.0074521629139781,0.9999091625213623,0.49183931946754456,0.5277982950210571,-0.36378830671310425,0.9943385720252991,0.4260290861129761,0.5216220617294312,-0.34869715571403503,0.9908788800239563,0.48570990562438965,0.5913590788841248,-0.21537506580352783,0.9868696928024292,0.41300952434539795,0.5872849225997925,-0.2364547997713089,0.9876278638839722,0.48138630390167236,0.5985398888587952,-0.2065376341342926,0.9362097978591919,0.411910742521286,0.5939803123474121,-0.2305244356393814,0.9100605249404907,0.48405155539512634,0.6146508455276489,-0.3502167761325836,0.9836181998252869,0.41662269830703735,0.6118138432502747,-0.3874754309654236,0.984272301197052,sentarse,sentarse_008.mp4,49
0.5197474956512451,0.4222354590892792,-0.00970672257244587,0.9999967217445374,0.4156496822834015,0.42262598872184753,-0.017130061984062195,0.9999921321868896,0.5293244123458862,0.4671688377857208,-0.05590065196156502,0.9938273429870605,0.39934074878692627,0.4652754068374634,-0.06566301733255386,0.9931714534759521,0.5079009532928467,0.4931257665157318,-0.21970964968204498,0.9888586401939392,0.41198453307151794,0.49102139472961426,-0.24524714052677155,0.9832639098167419,0.49449077248573303,0.49788492918014526,0.007545955013483763,0.9999502897262573,0.428884893655777,0.4964458644390106,-0.007248823530972004,0.9999100565910339,0.49177148938179016,0.5271031856536865,-0.36508670449256897,0.994659423828125,0.4260154962539673,0.5203664302825928,-0.3488445281982422,0.9912369251251221,0.4860973358154297,0.591346800327301,-0.2216041088104248,0.9872485399246216,0.4130169153213501,0.5871365666389465,-0.24625654518604279,0.9878113269805908,0.4819187819957733,0.5985291600227356,-0.21283720433712006,0.9375811815261841,0.4118184745311737,0.5940326452255249,-0.24043963849544525,0.9128090739250183,0.48424383997917175,0.6144634485244751,-0.35527700185775757,0.9839540719985962,0.4168238043785095,0.6115566492080688,-0.39694076776504517,0.9845396876335144,sentarse,sentarse_008.mp4,50
0.5198274254798889,0.42227253317832947,-0.012444362044334412,0.9999969005584717,0.41575124859809875,0.4225935935974121,-0.01824680157005787,0.9999925494194031,0.5295872688293457,0.46715447306632996,-0.059006791561841965,0.9937742352485657,0.39921867847442627,0.4651764929294586,-0.06725598871707916,0.9931944012641907,0.508082389831543,0.49249863624572754,-0.2228180319070816,0.9888916611671448,0.4117690920829773,0.49055880308151245,-0.24817007780075073,0.9837850332260132,0.4948482811450958,0.4978281855583191,0.006857086904346943,0.9999510645866394,0.42915892601013184,0.4964559078216553,-0.0065494501031935215,0.9999113082885742,0.49174928665161133,0.5264545679092407,-0.3653031587600708,0.9949420690536499,0.4258762300014496,0.5196325778961182,-0.35320764780044556,0.9915177822113037,0.48640504479408264,0.5908715724945068,-0.222270667552948,0.9875664114952087,0.4130284786224365,0.5869834423065186,-0.24553771317005157,0.987966001033783,0.48232489824295044,0.5980842709541321,-0.21298198401927948,0.9385656714439392,0.4119586646556854,0.5940448045730591,-0.23906631767749786,0.915244460105896,0.48427286744117737,0.6141542196273804,-0.3567996025085449,0.9842647910118103,0.41684508323669434,0.6113967895507812,-0.3962063491344452,0.9847930669784546,sentarse,sentarse_008.mp4,51
0.5198757648468018,0.42227703332901,-0.013397357426583767,0.9999970197677612,0.4158771336078644,0.4225696623325348,-0.018971756100654602,0.9999929666519165,0.5301106572151184,0.4670763909816742,-0.06112658232450485,0.9937443733215332,0.3989737629890442,0.465078204870224,-0.06702450662851334,0.9932385683059692,0.5084818005561829,0.4921143054962158,-0.22533057630062103,0.9888772964477539,0.41159865260124207,0.4903547763824463,-0.24671486020088196,0.9841875433921814,0.4949992001056671,0.4976993203163147,0.006682360079139471,0.999952495098114,0.4294438064098358,0.4964345395565033,-0.006380379665642977,0.99991375207901,0.4917457401752472,0.5260281562805176,-0.36617475748062134,0.9951832294464111,0.42588385939598083,0.5193732380867004,-0.35637587308883667,0.9918308854103088,0.48676609992980957,0.590708315372467,-0.2263447642326355,0.9878736138343811,0.41303858160972595,0.5869652628898621,-0.2504982352256775,0.9881818890571594,0.48270383477211,0.597993791103363,-0.21769100427627563,0.9394777417182922,0.41203007102012634,0.5940560698509216,-0.2444734126329422,0.9175863265991211,0.48441189527511597,0.6139307618141174,-0.36204373836517334,0.9846181869506836,0.4169933795928955,0.6110916137695312,-0.4010910093784332,0.9851396083831787,sentarse,sentarse_008.mp4,52
0.519972562789917,0.42227843403816223,-0.010799922980368137,0.9999971389770508,0.4158827066421509,0.42255786061286926,-0.0180065780878067,0.9999932646751404,0.5312003493309021,0.4670548439025879,-0.06214045733213425,0.9937401413917542,0.39881646633148193,0.4650711715221405,-0.0695081502199173,0.9932641983032227,0.508796751499176,0.49181175231933594,-0.22633209824562073,0.9889131784439087,0.41141483187675476,0.4901922643184662,-0.2511696517467499,0.9846389293670654,0.49505874514579773,0.4976780116558075,0.00668055284768343,0.9999540448188782,0.4295032024383545,0.4964284896850586,-0.006381460465490818,0.9999164342880249,0.4923599362373352,0.5257755517959595,-0.36958613991737366,0.9953989386558533,0.4258905351161957,0.5188578963279724,-0.3660263121128082,0.9920848608016968,0.4871237874031067,0.5904737710952759,-0.22530050575733185,0.9881189465522766,0.413070410490036,0.5869767665863037,-0.2540450096130371,0.9883885383605957,0.48290184140205383,0.597747266292572,-0.21633680164813995,0.9401722550392151,0.41207051277160645,0.5940876603126526,-0.2477121353149414,0.9198986291885376,0.48458585143089294,0.613791823387146,-0.36222708225250244,0.9849298596382141,0.417499840259552,0.6110147833824158,-0.4073466956615448,0.9854984879493713,sentarse,sentarse_008.mp4,53
0.5200302600860596,0.4222742021083832,-0.012664261274039745,0.9999972581863403,0.415784627199173,0.4226009249687195,-0.020137788727879524,0.9999935626983643,0.5327091217041016,0.4670138955116272,-0.0628209337592125,0.9937894940376282,0.3984103798866272,0.46515458822250366,-0.07260309904813766,0.9933153390884399,0.5091902017593384,0.4913797974586487,-0.2493346631526947,0.9890530705451965,0.4113737642765045,0.49016469717025757,-0.26903724670410156,0.9852149486541748,0.4953078627586365,0.4976963400840759,0.006682473700493574,0.9999555349349976,0.4295482933521271,0.49648424983024597,-0.0063841696828603745,0.9999192357063293,0.4924059808254242,0.5255759954452515,-0.3793630301952362,0.995564877986908,0.42592281103134155,0.5186644792556763,-0.37832629680633545,0.992218017578125,0.4872541129589081,0.5902954936027527,-0.22984379529953003,0.988134503364563,0.4132043123245239,0.5870258212089539,-0.2618197798728943,0.988438606262207,0.48284912109375,0.59771728515625,-0.22105617821216583,0.9405699968338013,0.4122627079486847,0.5946735143661499,-0.2556988000869751,0.9220458269119263,0.48489752411842346,0.613120436668396,-0.3713535964488983,0.9850581884384155,0.41824641823768616,0.6106067895889282,-0.4226512908935547,0.985742449760437,sentarse,sentarse_008.mp4,54
0.5201427340507507,0.42225155234336853,-0.01633385755121708,0.9999973773956299,0.41571903228759766,0.4226434826850891,-0.023688577115535736,0.9999938607215881,0.5347433090209961,0.466797411441803,-0.06496720761060715,0.9939014911651611,0.397426962852478,0.4654619097709656,-0.07347171008586884,0.9934242963790894,0.5095874071121216,0.4912753403186798,-0.2521529495716095,0.9891948699951172,0.411314994096756,0.49025505781173706,-0.2716010808944702,0.9857578277587891,0.4953888952732086,0.4977951645851135,0.00676998496055603,0.9999572038650513,0.429546058177948,0.49673590064048767,-0.006473923567682505,0.999921977519989,0.4924381375312805,0.525667667388916,-0.38742297887802124,0.9956878423690796,0.4260581135749817,0.5185675621032715,-0.3835825026035309,0.9922987222671509,0.48726293444633484,0.5900213718414307,-0.2251681387424469,0.9880884885787964,0.4134846329689026,0.5869229435920715,-0.2560633420944214,0.9884701371192932,0.48282143473625183,0.5975907444953918,-0.21519561111927032,0.9410859942436218,0.41233909130096436,0.5946919322013855,-0.24883948266506195,0.9238172769546509,0.48525768518447876,0.6125639081001282,-0.3635272979736328,0.98512202501297,0.41934284567832947,0.6098023653030396,-0.41432178020477295,0.9859254360198975,sentarse,sentarse_008.mp4,55
0.5202619433403015,0.4222338795661926,-0.014629369601607323,0.9999974966049194,0.41567501425743103,0.42271891236305237,-0.022352268919348717,0.9999940991401672,0.5378021001815796,0.46668335795402527,-0.06554646790027618,0.9940749406814575,0.3963044285774231,0.4658825099468231,-0.07496033608913422,0.9935169219970703,0.5104317665100098,0.4913285970687866,-0.25133219361305237,0.9893914461135864,0.4112187325954437,0.4903560280799866,-0.27036479115486145,0.9862444996833801,0.49538150429725647,0.4980463683605194,0.006789251696318388,0.9999589920043945,0.4295381009578705,0.497372031211853,-0.006496530491858721,0.9999247193336487,0.4924069941043854,0.5257094502449036,-0.3971269428730011,0.9957797527313232,0.4261714518070221,0.5186000466346741,-0.3913748562335968,0.9923578500747681,0.4872075319290161,0.589762270450592,-0.22408509254455566,0.9879863858222961,0.4145370423793793,0.5867326259613037,-0.2562790513038635,0.988578736782074,0.4824974238872528,0.5972596406936646,-0.21314525604248047,0.9417738914489746,0.41398581862449646,0.5945907831192017,-0.24814511835575104,0.9257510304450989,0.48528504371643066,0.6125611066818237,-0.3594551980495453,0.9851923584938049,0.4197763204574585,0.609634280204773,-0.41141176223754883,0.9861776828765869,sentarse,sentarse_008.mp4,56
0.52037513256073,0.42223188281059265,-0.02347722090780735,0.999997615814209,0.4155585467815399,0.42273128032684326,-0.026502948254346848,0.9999943971633911,0.5404191017150879,0.46668291091918945,-0.07373989373445511,0.9942952990531921,0.39499589800834656,0.4660937488079071,-0.0788949728012085,0.9936328530311584,0.5110830664634705,0.4914366900920868,-0.24959592521190643,0.9895923733711243,0.4109138250350952,0.4903976619243622,-0.2710677981376648,0.9866737127304077,0.4953691363334656,0.49816861748695374,0.00675874762237072,0.9999605417251587,0.4295312762260437,0.4975571632385254,-0.006475546862930059,0.9999273419380188,0.49229076504707336,0.5257977247238159,-0.39619091153144836,0.9957638382911682,0.42616090178489685,0.5187034606933594,-0.3934119641780853,0.9922088980674744,0.48683568835258484,0.5895478129386902,-0.22204089164733887,0.9875931143760681,0.41532254219055176,0.586527943611145,-0.25295281410217285,0.988438606262207,0.48198264837265015,0.5969115495681763,-0.2119801640510559,0.9415040016174316,0.4149755537509918,0.59449303150177,-0.24448654055595398,0.9264766573905945,0.48528075218200684,0.6124997735023499,-0.35899320244789124,0.9849949479103088,0.42073309421539307,0.6088773608207703,-0.40707656741142273,0.9861478805541992,sentarse,sentarse_008.mp4,57
0.5205179452896118,0.42225751280784607,-0.031474627554416656,0.9999977350234985,0.4151509404182434,0.4228184223175049,-0.030935930088162422,0.9999946355819702,0.5422341823577881,0.46669477224349976,-0.08417239785194397,0.9945343136787415,0.3932419419288635,0.4666513204574585,-0.08850515633821487,0.9936239123344421,0.5114562511444092,0.4914913475513458,-0.25881990790367126,0.9898479580879211,0.410597562789917,0.49095243215560913,-0.2856304347515106,0.9869078993797302,0.4953557252883911,0.498963326215744,0.006739594042301178,0.9999621510505676,0.4295133352279663,0.4985901117324829,-0.0064621130004525185,0.9999300837516785,0.49205321073532104,0.5260390639305115,-0.4077867269515991,0.9957639575004578,0.4261518716812134,0.5189082622528076,-0.4019324779510498,0.9920094609260559,0.4859069287776947,0.5894554257392883,-0.22768305242061615,0.9872240424156189,0.41648179292678833,0.5864831209182739,-0.25929179787635803,0.9884423017501831,0.4799109697341919,0.5969239473342896,-0.21624168753623962,0.9421852231025696,0.4167461097240448,0.5947568416595459,-0.25061702728271484,0.928441047668457,0.4849615693092346,0.6123952865600586,-0.3635316789150238,0.9849182367324829,0.4209924042224884,0.6084160804748535,-0.4174007475376129,0.9863186478614807,sentarse,sentarse_008.mp4,58
